{"cameraMode":{"drawMode":0,"name":"Shaded","section":"Shading Mode"},"sceneLighting":false,"audioPlay":false,"sceneViewState":{"showFog":true,"showMaterialUpdate":false,"showSkybox":false,"showFlares":true,"showImageEffects":true,"showParticleSystems":true,"showVisualEffectGraphs":true,"m_FxEnabled":true},"in2DMode":false,"pivot":{"x":-0.48318183422088625,"y":3.7228851318359377,"z":-0.09454846382141113},"rotation":{"x":-0.29994794726371767,"y":-0.5974699258804321,"z":0.6979532241821289,"w":-0.25677016377449038},"size":7.790850639343262,"orthographic":false}