{"cameraMode":{"drawMode":0,"name":"Shaded","section":"Shading Mode"},"sceneLighting":true,"audioPlay":false,"sceneViewState":{"showFog":true,"showMaterialUpdate":false,"showSkybox":true,"showFlares":true,"showImageEffects":true,"showParticleSystems":true,"showVisualEffectGraphs":true,"m_FxEnabled":true},"in2DMode":false,"pivot":{"x":12.163249969482422,"y":7.237128734588623,"z":0.9188408851623535},"rotation":{"x":-0.10317219793796539,"y":0.19034889340400697,"z":-0.02011924982070923,"w":-0.9760790467262268},"size":15.503300666809082,"orthographic":false}